image,psnrrgb,psnrycbcr,snrrgb,snrycbcr,msergb,mseycbcr,ssimrgb,ssimycbcr
TwoMacaws,65.80,71.89,57.19,65.14,0.01709,0.004212,0.9999,1.000
PortlandHeadLight,60.37,65.84,52.24,59.23,0.05968,0.01696,0.9998,0.9999
PlanetEarth2a,64.62,71.72,53.90,64.45,0.02244,0.004376,0.9999,1.000
PlanetEarth2b,67.36,74.21,60.48,67.89,0.01194,0.002469,1.000,1.000
PlanetEarth2c,63.91,70.62,52.25,63.43,0.02646,0.005642,0.9999,1.000
LionKing,64.78,68.81,58.89,62.75,0.02165,0.008557,1.000,1.000
ToyStory,61.57,65.19,53.56,58.76,0.04530,0.01970,0.9999,1.000
Battlefield1,59.35,63.91,48.17,56.80,0.07551,0.02645,0.9997,1.000
Fortnite,60.85,63.42,53.01,56.43,0.05347,0.02961,1.000,1.000
